{
    "metrics": {
        "http_req_sending": {
            "p(90)": 0,
            "p(95)": 0,
            "avg": 0.0007672437206734747,
            "min": 0,
            "med": 0,
            "max": 26.515
        },
        "data_sent": {
            "count": 9681477,
            "rate": 20167.375066589208
        },
        "data_received": {
            "count": 34189455,
            "rate": 71219.66641115543
        },
        "http_req_connecting": {
            "avg": 0.00007198233508142424,
            "min": 0,
            "med": 0,
            "max": 0.5348,
            "p(90)": 0,
            "p(95)": 0
        },
        "group_duration": {
            "med": 213.6837,
            "max": 319.8042,
            "p(90)": 223.59826,
            "p(95)": 228.69059,
            "avg": 215.67322418989525,
            "min": 201.1446
        },
        "http_req_blocked": {
            "min": 0,
            "med": 0,
            "max": 11.2473,
            "p(90)": 0,
            "p(95)": 0,
            "avg": 0.0003742423406017113
        },
        "http_reqs": {
            "count": 90575,
            "rate": 188.67575646322535
        },
        "http_req_waiting": {
            "min": 0.9924,
            "med": 13.0018,
            "max": 118.8698,
            "p(90)": 22.9997,
            "p(95)": 27.99943,
            "avg": 15.030746277670394
        },
        "iterations": {
            "count": 90575,
            "rate": 188.67575646322535
        },
        "vus_max": {
            "value": 50,
            "min": 50,
            "max": 50
        },
        "vus": {
            "value": 1,
            "min": 1,
            "max": 50
        },
        "http_req_duration": {
            "min": 0.9924,
            "med": 13.0027,
            "max": 118.8698,
            "p(90)": 23.0005,
            "p(95)": 28.0004,
            "avg": 15.079342760143485
        },
        "http_req_duration{expected_response:true}": {
            "max": 118.8698,
            "p(90)": 23.0005,
            "p(95)": 28.0004,
            "avg": 15.079342760143485,
            "min": 0.9924,
            "med": 13.0027
        },
        "http_req_tls_handshaking": {
            "min": 0,
            "med": 0,
            "max": 0,
            "p(90)": 0,
            "p(95)": 0,
            "avg": 0
        },
        "http_req_receiving": {
            "p(90)": 0,
            "p(95)": 0.5173,
            "avg": 0.0478292387524153,
            "min": 0,
            "med": 0,
            "max": 1.5322
        },
        "http_req_failed": {
            "passes": 0,
            "fails": 90575,
            "value": 0
        },
        "checks": {
            "passes": 90575,
            "fails": 0,
            "value": 1
        },
        "iteration_duration": {
            "min": 201.1446,
            "med": 213.6857,
            "max": 319.8042,
            "p(90)": 223.60548,
            "p(95)": 228.69405999999998,
            "avg": 215.67552034998414
        }
    },
    "root_group": {
        "name": "",
        "path": "",
        "id": "d41d8cd98f00b204e9800998ecf8427e",
        "groups": {
            "GET - Leitura": {
                "name": "GET - Leitura",
                "path": "::GET - Leitura",
                "id": "a8dc8671aa8f678183c9fe9505f023c6",
                "groups": {},
                "checks": {
                        "GET status 200": {
                            "fails": 0,
                            "name": "GET status 200",
                            "path": "::GET - Leitura::GET status 200",
                            "id": "3c396777697fa4e979948e22ed5ffc49",
                            "passes": 90575
                        }
                    }
            }
        },
        "checks": {}
    }
}