{
    "root_group": {
        "groups": {
            "GET - Leitura": {
                "path": "::GET - Leitura",
                "id": "a8dc8671aa8f678183c9fe9505f023c6",
                "groups": {},
                "checks": {
                        "GET status 200": {
                            "name": "GET status 200",
                            "path": "::GET - Leitura::GET status 200",
                            "id": "3c396777697fa4e979948e22ed5ffc49",
                            "passes": 64006,
                            "fails": 0
                        }
                    },
                "name": "GET - Leitura"
            }
        },
        "checks": {},
        "name": "",
        "path": "",
        "id": "d41d8cd98f00b204e9800998ecf8427e"
    },
    "metrics": {
        "http_reqs": {
            "count": 64006,
            "rate": 96.95437432663073
        },
        "http_req_blocked": {
            "avg": 0.0003729853451238944,
            "min": 0,
            "med": 0,
            "max": 11.3717,
            "p(90)": 0,
            "p(95)": 0
        },
        "vus_max": {
            "min": 25,
            "max": 25,
            "value": 25
        },
        "data_sent": {
            "rate": 10363.466189682531,
            "count": 6841610
        },
        "http_req_waiting": {
            "p(95)": 15.080974999999999,
            "avg": 11.321512444145826,
            "min": 7.5142,
            "med": 10.8645,
            "max": 95.4878,
            "p(90)": 13.82885
        },
        "http_req_sending": {
            "med": 0,
            "max": 2.0004,
            "p(90)": 0,
            "p(95)": 0,
            "avg": 0.0005420226228791048,
            "min": 0
        },
        "vus": {
            "value": 1,
            "min": 1,
            "max": 25
        },
        "http_req_connecting": {
            "p(90)": 0,
            "p(95)": 0,
            "avg": 0.000024318032684435833,
            "min": 0,
            "med": 0,
            "max": 0.534
        },
        "checks": {
            "passes": 64006,
            "fails": 0,
            "value": 1
        },
        "group_duration": {
            "min": 207.944,
            "med": 211.36725,
            "max": 296.3348,
            "p(90)": 214.4062,
            "p(95)": 215.75662499999999,
            "avg": 211.89014616910904
        },
        "http_req_duration": {
            "avg": 11.363086932475028,
            "min": 7.5142,
            "med": 10.915,
            "max": 95.4878,
            "p(90)": 13.8855,
            "p(95)": 15.133750000000001
        },
        "data_received": {
            "rate": 36598.24197207336,
            "count": 24160922
        },
        "http_req_receiving": {
            "p(90)": 0,
            "p(95)": 0.5148,
            "avg": 0.04103246570634007,
            "min": 0,
            "med": 0,
            "max": 1.9991
        },
        "iterations": {
            "count": 64006,
            "rate": 96.95437432663073
        },
        "http_req_duration{expected_response:true}": {
            "med": 10.915,
            "max": 95.4878,
            "p(90)": 13.8855,
            "p(95)": 15.133750000000001,
            "avg": 11.363086932475028,
            "min": 7.5142
        },
        "http_req_tls_handshaking": {
            "max": 0,
            "p(90)": 0,
            "p(95)": 0,
            "avg": 0,
            "min": 0,
            "med": 0
        },
        "http_req_failed": {
            "passes": 0,
            "fails": 64006,
            "value": 0
        },
        "iteration_duration": {
            "min": 207.944,
            "med": 211.37115,
            "max": 296.3348,
            "p(90)": 214.41095,
            "p(95)": 215.759525,
            "avg": 211.89474456457143
        }
    }
}