{
    "root_group": {
        "path": "",
        "id": "d41d8cd98f00b204e9800998ecf8427e",
        "groups": {
            "GET - Leitura": {
                "groups": {},
                "checks": {
                        "GET status 200": {
                            "fails": 0,
                            "name": "GET status 200",
                            "path": "::GET - Leitura::GET status 200",
                            "id": "3c396777697fa4e979948e22ed5ffc49",
                            "passes": 74705
                        }
                    },
                "name": "GET - Leitura",
                "path": "::GET - Leitura",
                "id": "a8dc8671aa8f678183c9fe9505f023c6"
            }
        },
        "checks": {},
        "name": ""
    },
    "metrics": {
        "http_req_blocked": {
            "avg": 0.00025470985877785963,
            "min": 0,
            "med": 0,
            "max": 2.1271,
            "p(90)": 0,
            "p(95)": 0
        },
        "data_received": {
            "count": 28199332,
            "rate": 93988.92787868246
        },
        "checks": {
            "passes": 74705,
            "fails": 0,
            "value": 1
        },
        "http_req_failed": {
            "passes": 0,
            "fails": 74705,
            "value": 0
        },
        "http_req_waiting": {
            "avg": 18.770752169198943,
            "min": 0.9951,
            "med": 16.9741,
            "max": 178.4567,
            "p(90)": 31.999,
            "p(95)": 36.855980000000024
        },
        "http_req_tls_handshaking": {
            "p(95)": 0,
            "avg": 0,
            "min": 0,
            "med": 0,
            "max": 0,
            "p(90)": 0
        },
        "vus": {
            "value": 1,
            "min": 1,
            "max": 100
        },
        "vus_max": {
            "min": 100,
            "max": 100,
            "value": 100
        },
        "http_req_sending": {
            "avg": 0.0005399196840907572,
            "min": 0,
            "med": 0,
            "max": 1.0028,
            "p(90)": 0,
            "p(95)": 0
        },
        "iterations": {
            "count": 74705,
            "rate": 248.99323349847342
        },
        "group_duration": {
            "max": 378.6572,
            "p(90)": 232.54778000000002,
            "p(95)": 237.49634,
            "avg": 219.40432612676747,
            "min": 201.0271,
            "med": 217.3853
        },
        "http_req_connecting": {
            "p(95)": 0,
            "avg": 0.00008557793989692793,
            "min": 0,
            "med": 0,
            "max": 0.554,
            "p(90)": 0
        },
        "http_req_duration": {
            "avg": 18.81384035606722,
            "min": 0.9951,
            "med": 16.9967,
            "max": 178.4567,
            "p(90)": 31.9998,
            "p(95)": 36.90966
        },
        "http_req_receiving": {
            "min": 0,
            "med": 0,
            "max": 23.9992,
            "p(90)": 0,
            "p(95)": 0.5097,
            "avg": 0.04254826718425802
        },
        "iteration_duration": {
            "p(95)": 237.5018,
            "avg": 219.4069703366592,
            "min": 201.0271,
            "med": 217.3854,
            "max": 378.6572,
            "p(90)": 232.54902
        },
        "data_sent": {
            "count": 7985180,
            "rate": 26614.761907065655
        },
        "http_req_duration{expected_response:true}": {
            "min": 0.9951,
            "med": 16.9967,
            "max": 178.4567,
            "p(90)": 31.9998,
            "p(95)": 36.90966,
            "avg": 18.81384035606722
        },
        "http_reqs": {
            "count": 74705,
            "rate": 248.99323349847342
        }
    }
}