{
    "root_group": {
        "name": "",
        "path": "",
        "id": "d41d8cd98f00b204e9800998ecf8427e",
        "groups": {
            "GET - Leitura": {
                "name": "GET - Leitura",
                "path": "::GET - Leitura",
                "id": "a8dc8671aa8f678183c9fe9505f023c6",
                "groups": {},
                "checks": {
                        "GET status 200": {
                            "name": "GET status 200",
                            "path": "::GET - Leitura::GET status 200",
                            "id": "3c396777697fa4e979948e22ed5ffc49",
                            "passes": 35622,
                            "fails": 0
                        }
                    }
            },
            "POST - Criar": {
                "id": "b7339abd7b80c3ed1328194f78ad747b",
                "groups": {},
                "checks": {
                        "POST 2xx": {
                            "fails": 0,
                            "name": "POST 2xx",
                            "path": "::POST - Criar::POST 2xx",
                            "id": "23c56a15f3bb810e65f1446f7bbe780c",
                            "passes": 9000
                        }
                    },
                "name": "POST - Criar",
                "path": "::POST - Criar"
            }
        },
        "checks": {}
    },
    "metrics": {
        "http_req_duration{expected_response:true}": {
            "p(90)": 254.28968000000006,
            "p(95)": 296.21391,
            "avg": 154.4551560037648,
            "min": 33.6659,
            "med": 140.62025,
            "max": 688.325
        },
        "http_req_connecting": {
            "avg": 0.0001559992828649545,
            "min": 0,
            "med": 0,
            "max": 0.8786,
            "p(90)": 0,
            "p(95)": 0
        },
        "data_received": {
            "count": 23508175,
            "rate": 19589.042521323827
        },
        "vus_max": {
            "min": 15,
            "max": 15,
            "value": 15
        },
        "http_req_sending": {
            "avg": 0.00023121330285509386,
            "min": 0,
            "med": 0,
            "max": 1.0014,
            "p(90)": 0,
            "p(95)": 0
        },
        "data_sent": {
            "count": 9714059,
            "rate": 8094.5932555652835
        },
        "http_reqs": {
            "count": 44622,
            "rate": 37.182905750298005
        },
        "http_req_waiting": {
            "avg": 154.4060215633541,
            "min": 33.6659,
            "med": 140.58245,
            "max": 688.325,
            "p(90)": 254.21677000000005,
            "p(95)": 296.17358999999993
        },
        "http_req_receiving": {
            "p(90)": 0,
            "p(95)": 0.5188949999999998,
            "avg": 0.048903227107704623,
            "min": 0,
            "med": 0,
            "max": 2.6873
        },
        "iteration_duration": {
            "avg": 355.03080164941036,
            "min": 234.5205,
            "med": 341.20820000000003,
            "max": 888.5499,
            "p(90)": 454.84614,
            "p(95)": 496.5634699999999
        },
        "iterations": {
            "count": 44622,
            "rate": 37.182905750298005
        },
        "http_req_tls_handshaking": {
            "med": 0,
            "max": 0,
            "p(90)": 0,
            "p(95)": 0,
            "avg": 0,
            "min": 0
        },
        "vus": {
            "value": 1,
            "min": 1,
            "max": 15
        },
        "checks": {
            "passes": 44622,
            "fails": 0,
            "value": 1
        },
        "http_req_failed": {
            "passes": 0,
            "fails": 44622,
            "value": 0
        },
        "http_req_blocked": {
            "avg": 0.0008744475819102688,
            "min": 0,
            "med": 0,
            "max": 7.2253,
            "p(90)": 0,
            "p(95)": 0
        },
        "http_req_duration": {
            "p(90)": 254.28968000000006,
            "p(95)": 296.21391,
            "avg": 154.4551560037648,
            "min": 33.6659,
            "med": 140.62025,
            "max": 688.325
        },
        "group_duration": {
            "med": 341.20820000000003,
            "max": 888.5499,
            "p(90)": 454.84313000000003,
            "p(95)": 496.5634699999999,
            "avg": 355.0297488772352,
            "min": 234.5205
        }
    }
}