{
    "root_group": {
        "groups": {
            "GET - Leitura": {
                "name": "GET - Leitura",
                "path": "::GET - Leitura",
                "id": "a8dc8671aa8f678183c9fe9505f023c6",
                "groups": {},
                "checks": {
                        "GET status 200": {
                            "fails": 0,
                            "name": "GET status 200",
                            "path": "::GET - Leitura::GET status 200",
                            "id": "3c396777697fa4e979948e22ed5ffc49",
                            "passes": 23241
                        }
                    }
            },
            "POST - Criar": {
                "name": "POST - Criar",
                "path": "::POST - Criar",
                "id": "b7339abd7b80c3ed1328194f78ad747b",
                "groups": {},
                "checks": {
                        "POST 2xx": {
                            "id": "23c56a15f3bb810e65f1446f7bbe780c",
                            "passes": 5847,
                            "fails": 0,
                            "name": "POST 2xx",
                            "path": "::POST - Criar::POST 2xx"
                        }
                    }
            }
        },
        "checks": {},
        "name": "",
        "path": "",
        "id": "d41d8cd98f00b204e9800998ecf8427e"
    },
    "metrics": {
        "http_req_sending": {
            "avg": 0.00032243193069306935,
            "min": 0,
            "med": 0,
            "max": 1.4337,
            "p(90)": 0,
            "p(95)": 0
        },
        "http_req_connecting": {
            "p(95)": 0,
            "avg": 0.00013350866336633664,
            "min": 0,
            "med": 0,
            "max": 0.5299,
            "p(90)": 0
        },
        "http_req_tls_handshaking": {
            "avg": 0,
            "min": 0,
            "med": 0,
            "max": 0,
            "p(90)": 0,
            "p(95)": 0
        },
        "group_duration": {
            "p(90)": 643.38978,
            "p(95)": 692.6625699999998,
            "avg": 466.34583676773997,
            "min": 235.0241,
            "med": 461.73855000000003,
            "max": 1339.1519
        },
        "data_sent": {
            "count": 6330106,
            "rate": 9587.566363903788
        },
        "http_req_duration": {
            "avg": 265.7657003540983,
            "min": 34.8408,
            "med": 261.1005,
            "max": 1138.013,
            "p(90)": 442.79690999999997,
            "p(95)": 492.0940849999999
        },
        "iterations": {
            "rate": 44.05662881367759,
            "count": 29088
        },
        "http_reqs": {
            "count": 29088,
            "rate": 44.05662881367759
        },
        "http_req_blocked": {
            "avg": 0.0018020214521452143,
            "min": 0,
            "med": 0,
            "max": 33.3952,
            "p(90)": 0,
            "p(95)": 0
        },
        "data_received": {
            "count": 15328329,
            "rate": 23216.257600623274
        },
        "http_req_receiving": {
            "avg": 0.05337635451045101,
            "min": 0,
            "med": 0,
            "max": 7.9258,
            "p(90)": 0,
            "p(95)": 0.5241
        },
        "http_req_failed": {
            "fails": 29088,
            "passes": 0,
            "value": 0
        },
        "checks": {
            "passes": 29088,
            "fails": 0,
            "value": 1
        },
        "vus": {
            "max": 25,
            "value": 1,
            "min": 1
        },
        "vus_max": {
            "value": 25,
            "min": 25,
            "max": 25
        },
        "http_req_duration{expected_response:true}": {
            "p(95)": 492.0940849999999,
            "avg": 265.7657003540983,
            "min": 34.8408,
            "med": 261.1005,
            "max": 1138.013,
            "p(90)": 442.79690999999997
        },
        "http_req_waiting": {
            "avg": 265.7120015676574,
            "min": 34.7207,
            "med": 261.1005,
            "max": 1138.013,
            "p(90)": 442.77299999999997,
            "p(95)": 492.031745
        },
        "iteration_duration": {
            "avg": 466.34705122731003,
            "min": 235.0241,
            "med": 461.73855000000003,
            "max": 1339.2303,
            "p(90)": 643.38978,
            "p(95)": 692.6625699999998
        }
    }
}