{
    "root_group": {
        "checks": {},
        "name": "",
        "path": "",
        "id": "d41d8cd98f00b204e9800998ecf8427e",
        "groups": {
                "GET - Leitura": {
                    "name": "GET - Leitura",
                    "path": "::GET - Leitura",
                    "id": "a8dc8671aa8f678183c9fe9505f023c6",
                    "groups": {},
                    "checks": {
                            "GET status 200": {
                                "name": "GET status 200",
                                "path": "::GET - Leitura::GET status 200",
                                "id": "3c396777697fa4e979948e22ed5ffc49",
                                "passes": 17706,
                                "fails": 0
                            }
                        }
                },
                "POST - Criar": {
                    "groups": {},
                    "checks": {
                            "POST 2xx": {
                                "path": "::POST - Criar::POST 2xx",
                                "id": "23c56a15f3bb810e65f1446f7bbe780c",
                                "passes": 4500,
                                "fails": 0,
                                "name": "POST 2xx"
                            }
                        },
                    "name": "POST - Criar",
                    "path": "::POST - Criar",
                    "id": "b7339abd7b80c3ed1328194f78ad747b"
                }
            }
    },
    "metrics": {
        "http_req_tls_handshaking": {
            "avg": 0,
            "min": 0,
            "med": 0,
            "max": 0,
            "p(90)": 0,
            "p(95)": 0
        },
        "http_req_waiting": {
            "p(90)": 1251.0465,
            "p(95)": 1405.8822499999999,
            "avg": 679.5011284562734,
            "min": 34.5341,
            "med": 672.6243,
            "max": 2571.2529
        },
        "http_req_receiving": {
            "avg": 0.050943546789156136,
            "min": 0,
            "med": 0,
            "max": 2.0012,
            "p(90)": 0,
            "p(95)": 0.5215749999999999
        },
        "vus_max": {
            "max": 50,
            "value": 50,
            "min": 50
        },
        "checks": {
            "passes": 22206,
            "fails": 0,
            "value": 1
        },
        "iteration_duration": {
            "p(95)": 1606.3692250000001,
            "avg": 880.1578553499083,
            "min": 234.8642,
            "med": 873.4085,
            "max": 2772.4149,
            "p(90)": 1451.5624
        },
        "http_req_sending": {
            "min": 0,
            "med": 0,
            "max": 1.0025,
            "p(90)": 0,
            "p(95)": 0,
            "avg": 0.000332932540754751
        },
        "data_sent": {
            "count": 4836421,
            "rate": 10070.801307158847
        },
        "iterations": {
            "count": 22206,
            "rate": 46.239195021849696
        },
        "http_req_blocked": {
            "avg": 0.0006115779519048906,
            "min": 0,
            "med": 0,
            "max": 5.2833,
            "p(90)": 0,
            "p(95)": 0
        },
        "vus": {
            "value": 1,
            "min": 1,
            "max": 50
        },
        "http_req_failed": {
            "fails": 22206,
            "passes": 0,
            "value": 0
        },
        "data_received": {
            "count": 11694357,
            "rate": 24350.970637581428
        },
        "http_req_duration": {
            "avg": 679.5524049356042,
            "min": 34.5341,
            "med": 672.7321999999999,
            "max": 2571.2529,
            "p(90)": 1251.0465,
            "p(95)": 1405.8822499999999
        },
        "http_req_connecting": {
            "min": 0,
            "med": 0,
            "max": 0.6089,
            "p(90)": 0,
            "p(95)": 0,
            "avg": 0.00031212735296766637
        },
        "group_duration": {
            "med": 873.4085,
            "max": 2772.4149,
            "p(90)": 1451.5624,
            "p(95)": 1606.3692250000001,
            "avg": 880.1551481086221,
            "min": 234.8642
        },
        "http_reqs": {
            "count": 22206,
            "rate": 46.239195021849696
        },
        "http_req_duration{expected_response:true}": {
            "avg": 679.5524049356042,
            "min": 34.5341,
            "med": 672.7321999999999,
            "max": 2571.2529,
            "p(90)": 1251.0465,
            "p(95)": 1405.8822499999999
        }
    }
}