{
    "root_group": {
        "id": "d41d8cd98f00b204e9800998ecf8427e",
        "groups": {
            "GET - Leitura": {
                "checks": {
                    "GET status 200": {
                        "name": "GET status 200",
                        "path": "::GET - Leitura::GET status 200",
                        "id": "3c396777697fa4e979948e22ed5ffc49",
                        "passes": 80979,
                        "fails": 0
                    }
                },
                "name": "GET - Leitura",
                "path": "::GET - Leitura",
                "id": "a8dc8671aa8f678183c9fe9505f023c6",
                "groups": {}
            }
        },
        "checks": {},
        "name": "",
        "path": ""
    },
    "metrics": {
        "data_sent": {
            "count": 7360152,
            "rate": 24531.627328987015
        },
        "http_req_sending": {
            "p(90)": 0,
            "p(95)": 0,
            "avg": 0.0017006433766779037,
            "min": 0,
            "med": 0,
            "max": 3.8801
        },
        "http_req_failed": {
            "passes": 0,
            "fails": 80979,
            "value": 0
        },
        "http_reqs": {
            "count": 80979,
            "rate": 269.90565540956754
        },
        "checks": {
            "passes": 80979,
            "fails": 0,
            "value": 1
        },
        "http_req_duration": {
            "p(90)": 2.6161,
            "p(95)": 3.0023,
            "avg": 1.8291914977956996,
            "min": 0,
            "med": 1.6061,
            "max": 57.7987
        },
        "http_req_duration{expected_response:true}": {
            "avg": 1.8291914977956996,
            "min": 0,
            "med": 1.6061,
            "max": 57.7987,
            "p(90)": 2.6161,
            "p(95)": 3.0023
        },
        "http_req_waiting": {
            "min": 0,
            "med": 1.5943,
            "max": 57.2863,
            "p(90)": 2.573479999999993,
            "p(95)": 3.0005,
            "avg": 1.7890890996430906
        },
        "data_received": {
            "count": 36389255,
            "rate": 121286.5770217079
        },
        "http_req_receiving": {
            "min": 0,
            "med": 0,
            "max": 19.648,
            "p(90)": 0,
            "p(95)": 0.5121,
            "avg": 0.03840175477592957
        },
        "group_duration": {
            "med": 202.1531,
            "max": 258.7592,
            "p(90)": 203.1016,
            "p(95)": 203.54521,
            "avg": 202.374304629591,
            "min": 200.1645
        },
        "http_req_connecting": {
            "min": 0,
            "med": 0,
            "max": 0.6691,
            "p(90)": 0,
            "p(95)": 0,
            "avg": 0.00016312747749416514
        },
        "iterations": {
            "count": 80979,
            "rate": 269.90565540956754
        },
        "http_req_blocked": {
            "p(90)": 0,
            "p(95)": 0,
            "avg": 0.0007862816285703701,
            "min": 0,
            "med": 0,
            "max": 1.9785
        },
        "http_req_tls_handshaking": {
            "avg": 0,
            "min": 0,
            "med": 0,
            "max": 0,
            "p(90)": 0,
            "p(95)": 0
        },
        "iteration_duration": {
            "med": 202.1588,
            "max": 258.7592,
            "p(90)": 203.1083,
            "p(95)": 203.55345,
            "avg": 202.3802950863772,
            "min": 200.1645
        },
        "vus": {
            "value": 1,
            "min": 1,
            "max": 100
        },
        "vus_max": {
            "min": 100,
            "max": 100,
            "value": 100
        }
    }
}