{
    "metrics": {
        "http_req_duration{expected_response:true}": {
            "avg": 1.8103707599110324,
            "min": 0,
            "med": 1.7211,
            "max": 37.1078,
            "p(90)": 2.4785,
            "p(95)": 2.8283
        },
        "http_req_connecting": {
            "p(90)": 0,
            "p(95)": 0,
            "avg": 0.00005425612867608659,
            "min": 0,
            "med": 0,
            "max": 0.5333
        },
        "vus_max": {
            "value": 25,
            "min": 25,
            "max": 25
        },
        "iterations": {
            "rate": 101.536062354698,
            "count": 67021
        },
        "http_req_tls_handshaking": {
            "avg": 0,
            "min": 0,
            "med": 0,
            "max": 0,
            "p(90)": 0,
            "p(95)": 0
        },
        "data_sent": {
            "count": 6091584,
            "rate": 9228.681351559671
        },
        "iteration_duration": {
            "avg": 202.35879573267925,
            "min": 200.5562,
            "med": 202.2779,
            "max": 245.4974,
            "p(90)": 203.089,
            "p(95)": 203.4188
        },
        "http_req_blocked": {
            "avg": 0.0011428253830888832,
            "min": 0,
            "med": 0,
            "max": 6.9997,
            "p(90)": 0,
            "p(95)": 0
        },
        "http_req_failed": {
            "passes": 0,
            "fails": 67021,
            "value": 0
        },
        "http_req_receiving": {
            "max": 20.9903,
            "p(90)": 0,
            "p(95)": 0.5073,
            "avg": 0.03635208367526578,
            "min": 0,
            "med": 0
        },
        "http_req_duration": {
            "avg": 1.8103707599110324,
            "min": 0,
            "med": 1.7211,
            "max": 37.1078,
            "p(90)": 2.4785,
            "p(95)": 2.8283
        },
        "http_req_sending": {
            "avg": 0.002576514823711972,
            "min": 0,
            "med": 0,
            "max": 1.0012,
            "p(90)": 0,
            "p(95)": 0
        },
        "http_req_waiting": {
            "med": 1.6663,
            "max": 37.1078,
            "p(90)": 2.4088,
            "p(95)": 2.7696,
            "avg": 1.771442161412055,
            "min": 0
        },
        "vus": {
            "value": 1,
            "min": 1,
            "max": 25
        },
        "checks": {
            "passes": 67021,
            "fails": 0,
            "value": 1
        },
        "group_duration": {
            "med": 202.2666,
            "max": 245.4406,
            "p(90)": 203.0825,
            "p(95)": 203.4089,
            "avg": 202.34955545575178,
            "min": 200.5562
        },
        "http_reqs": {
            "count": 67021,
            "rate": 101.536062354698
        },
        "data_received": {
            "count": 30116976,
            "rate": 45626.88042659679
        }
    },
    "root_group": {
        "name": "",
        "path": "",
        "id": "d41d8cd98f00b204e9800998ecf8427e",
        "groups": {
            "GET - Leitura": {
                "name": "GET - Leitura",
                "path": "::GET - Leitura",
                "id": "a8dc8671aa8f678183c9fe9505f023c6",
                "groups": {},
                "checks": {
                        "GET status 200": {
                            "name": "GET status 200",
                            "path": "::GET - Leitura::GET status 200",
                            "id": "3c396777697fa4e979948e22ed5ffc49",
                            "passes": 67021,
                            "fails": 0
                        }
                    }
            }
        },
        "checks": {}
    }
}