{
    "root_group": {
        "id": "d41d8cd98f00b204e9800998ecf8427e",
        "groups": {
            "GET - Leitura": {
                "path": "::GET - Leitura",
                "id": "a8dc8671aa8f678183c9fe9505f023c6",
                "groups": {},
                "checks": {
                        "GET status 200": {
                            "name": "GET status 200",
                            "path": "::GET - Leitura::GET status 200",
                            "id": "3c396777697fa4e979948e22ed5ffc49",
                            "passes": 96535,
                            "fails": 0
                        }
                    },
                "name": "GET - Leitura"
            }
        },
        "checks": {},
        "name": "",
        "path": ""
    },
    "metrics": {
        "http_req_failed": {
            "passes": 0,
            "fails": 96535,
            "value": 0
        },
        "http_reqs": {
            "count": 96535,
            "rate": 201.04732278395653
        },
        "http_req_blocked": {
            "med": 0,
            "max": 3.7027,
            "p(90)": 0,
            "p(95)": 0,
            "avg": 0.0008620085979178533,
            "min": 0
        },
        "http_req_tls_handshaking": {
            "avg": 0,
            "min": 0,
            "med": 0,
            "max": 0,
            "p(90)": 0,
            "p(95)": 0
        },
        "http_req_duration": {
            "min": 0.2084,
            "med": 1.688,
            "max": 36.1293,
            "p(90)": 2.6061,
            "p(95)": 2.9807300000000003,
            "avg": 1.8217544154969811
        },
        "http_req_connecting": {
            "med": 0,
            "max": 0.9168,
            "p(90)": 0,
            "p(95)": 0,
            "avg": 0.00008010980473403431,
            "min": 0
        },
        "vus": {
            "value": 1,
            "min": 1,
            "max": 50
        },
        "http_req_duration{expected_response:true}": {
            "avg": 1.8217544154969811,
            "min": 0.2084,
            "med": 1.688,
            "max": 36.1293,
            "p(90)": 2.6061,
            "p(95)": 2.9807300000000003
        },
        "iteration_duration": {
            "p(90)": 203.1127,
            "p(95)": 203.4764,
            "avg": 202.35939043766749,
            "min": 200.5201,
            "med": 202.2345,
            "max": 237.7534
        },
        "group_duration": {
            "min": 200.5201,
            "med": 202.227,
            "max": 237.0687,
            "p(90)": 203.1032,
            "p(95)": 203.46822,
            "avg": 202.3515456994901
        },
        "data_sent": {
            "count": 8774010,
            "rate": 18273.07422778953
        },
        "iterations": {
            "count": 96535,
            "rate": 201.04732278395653
        },
        "vus_max": {
            "value": 50,
            "min": 50,
            "max": 50
        },
        "checks": {
            "fails": 0,
            "passes": 96535,
            "value": 1
        },
        "data_received": {
            "count": 43379207,
            "rate": 90343.12354939728
        },
        "http_req_sending": {
            "p(90)": 0,
            "p(95)": 0,
            "avg": 0.0020967348630030547,
            "min": 0,
            "med": 0,
            "max": 2.0069
        },
        "http_req_waiting": {
            "min": 0.2084,
            "med": 1.6357,
            "max": 35.5439,
            "p(90)": 2.5185,
            "p(95)": 2.8876200000000014,
            "avg": 1.782185504739228
        },
        "http_req_receiving": {
            "p(90)": 0,
            "p(95)": 0.5087,
            "avg": 0.03747217589475318,
            "min": 0,
            "med": 0,
            "max": 24.6291
        }
    }
}