{
    "root_group": {
        "name": "",
        "path": "",
        "id": "d41d8cd98f00b204e9800998ecf8427e",
        "groups": {
            "GET - Leitura": {
                "groups": {},
                "checks": {
                        "GET status 200": {
                            "passes": 78268,
                            "fails": 0,
                            "name": "GET status 200",
                            "path": "::GET - Leitura::GET status 200",
                            "id": "3c396777697fa4e979948e22ed5ffc49"
                        }
                    },
                "name": "GET - Leitura",
                "path": "::GET - Leitura",
                "id": "a8dc8671aa8f678183c9fe9505f023c6"
            }
        },
        "checks": {}
    },
    "metrics": {
        "http_req_waiting": {
            "min": 0,
            "med": 1.77175,
            "max": 37.4715,
            "p(90)": 2.5791,
            "p(95)": 2.8504949999999982,
            "avg": 1.832027155414719
        },
        "vus_max": {
            "value": 15,
            "min": 15,
            "max": 15
        },
        "checks": {
            "passes": 78268,
            "fails": 0,
            "value": 1
        },
        "http_req_duration{expected_response:true}": {
            "avg": 1.8703642357029566,
            "min": 0,
            "med": 1.8309,
            "max": 37.4715,
            "p(90)": 2.6291600000000006,
            "p(95)": 2.9141
        },
        "group_duration": {
            "p(95)": 203.437895,
            "avg": 202.3864577464647,
            "min": 200.128,
            "med": 202.3318,
            "max": 238.5445,
            "p(90)": 203.1431
        },
        "http_req_blocked": {
            "avg": 0.0009695839934583744,
            "min": 0,
            "med": 0,
            "max": 7.024,
            "p(90)": 0,
            "p(95)": 0
        },
        "http_req_receiving": {
            "min": 0,
            "med": 0,
            "max": 2.1524,
            "p(90)": 0,
            "p(95)": 0.5065,
            "avg": 0.03542099836459347
        },
        "iteration_duration": {
            "p(95)": 203.4477,
            "avg": 202.39603038790105,
            "min": 200.128,
            "med": 202.3424,
            "max": 238.5445,
            "p(90)": 203.15303
        },
        "vus": {
            "max": 15,
            "value": 1,
            "min": 1
        },
        "http_req_duration": {
            "avg": 1.8703642357029566,
            "min": 0,
            "med": 1.8309,
            "max": 37.4715,
            "p(90)": 2.6291600000000006,
            "p(95)": 2.9141
        },
        "data_received": {
            "count": 35169896,
            "rate": 29308.212976875853
        },
        "data_sent": {
            "count": 7113558,
            "rate": 5927.9581858120655
        },
        "http_req_connecting": {
            "max": 1.0251,
            "p(90)": 0,
            "p(95)": 0,
            "avg": 0.000021810957223897375,
            "min": 0,
            "med": 0
        },
        "http_req_failed": {
            "passes": 0,
            "fails": 78268,
            "value": 0
        },
        "iterations": {
            "count": 78268,
            "rate": 65.22325835919786
        },
        "http_reqs": {
            "count": 78268,
            "rate": 65.22325835919786
        },
        "http_req_sending": {
            "avg": 0.0029160819236469485,
            "min": 0,
            "med": 0,
            "max": 1.4112,
            "p(90)": 0,
            "p(95)": 0
        },
        "http_req_tls_handshaking": {
            "avg": 0,
            "min": 0,
            "med": 0,
            "max": 0,
            "p(90)": 0,
            "p(95)": 0
        }
    }
}