{
  "ferramenta": "pREST",
  "cenario": "100% GET",
  "timestamp": "20251118-060537",
  "testes": {
    "load": {
      "avg_ms": 11.363086932475028,
      "p95_ms": 15.133750000000001,
      "throughput_rps": 96.95437432663073,
      "fail_rate": 0,
      "success_rate": 1,
      "peak_mem_gb": 0.04124
    },
    "stress": {
      "avg_ms": 15.079342760143485,
      "p95_ms": 28.0004,
      "throughput_rps": 188.67575646322535,
      "fail_rate": 0,
      "success_rate": 1,
      "peak_mem_gb": 0.043213
    },
    "spike": {
      "avg_ms": 18.81384035606722,
      "p95_ms": 36.90966,
      "throughput_rps": 248.99323349847342,
      "fail_rate": 0,
      "success_rate": 1,
      "peak_mem_gb": 0.044385
    },
    "soak": {
      "avg_ms": 11.01039826934642,
      "p95_ms": 14.253340000000005,
      "throughput_rps": 62.39410154657716,
      "fail_rate": 0,
      "success_rate": 1,
      "peak_mem_gb": 0.041123
    }
  }
}