{
  "ferramenta": "pREST",
  "cenario": "60/40",
  "timestamp": "20251118-073428",
  "testes": {
    "load": {
      "avg_ms": 12.597662970645544,
      "p95_ms": 19.71625,
      "throughput_rps": 96.4105347974995,
      "fail_rate": 0,
      "success_rate": 1,
      "peak_mem_gb": 0.041875
    },
    "stress": {
      "avg_ms": 17.191441738103,
      "p95_ms": 33.52071,
      "throughput_rps": 186.81490244145198,
      "fail_rate": 0,
      "success_rate": 1,
      "peak_mem_gb": 0.043525
    },
    "spike": {
      "avg_ms": 20.844580004322765,
      "p95_ms": 41.00165,
      "throughput_rps": 246.70395488423796,
      "fail_rate": 0,
      "success_rate": 1,
      "peak_mem_gb": 0.045205
    },
    "soak": {
      "avg_ms": 11.724861139993346,
      "p95_ms": 16.527379999999997,
      "throughput_rps": 62.18508205698028,
      "fail_rate": 0,
      "success_rate": 1,
      "peak_mem_gb": 0.041152
    }
  }
}