{
  "ferramenta": "pREST",
  "cenario": "80/20",
  "timestamp": "20251118-065003",
  "testes": {
    "load": {
      "avg_ms": 11.930747523341028,
      "p95_ms": 16.845925,
      "throughput_rps": 96.71523396210121,
      "fail_rate": 0,
      "success_rate": 1,
      "peak_mem_gb": 0.041836
    },
    "stress": {
      "avg_ms": 16.06301353518562,
      "p95_ms": 31.0016,
      "throughput_rps": 187.83826500526294,
      "fail_rate": 0,
      "success_rate": 1,
      "peak_mem_gb": 0.043721
    },
    "spike": {
      "avg_ms": 20.003616809764647,
      "p95_ms": 39.32654499999998,
      "throughput_rps": 247.5321260559824,
      "fail_rate": 0,
      "success_rate": 1,
      "peak_mem_gb": 0.045146
    },
    "soak": {
      "avg_ms": 11.343001215760836,
      "p95_ms": 15.43053,
      "throughput_rps": 62.30111154133025,
      "fail_rate": 0,
      "success_rate": 1,
      "peak_mem_gb": 0.041504
    }
  }
}