{
    "root_group": {
        "name": "",
        "path": "",
        "id": "d41d8cd98f00b204e9800998ecf8427e",
        "groups": {
            "GET - Leitura": {
                "name": "GET - Leitura",
                "path": "::GET - Leitura",
                "id": "a8dc8671aa8f678183c9fe9505f023c6",
                "groups": {},
                "checks": {
                        "GET status 200": {
                            "name": "GET status 200",
                            "path": "::GET - Leitura::GET status 200",
                            "id": "3c396777697fa4e979948e22ed5ffc49",
                            "passes": 16864,
                            "fails": 0
                        }
                    }
            },
            "POST - Criar": {
                "groups": {},
                "checks": {
                        "POST 2xx": {
                            "name": "POST 2xx",
                            "path": "::POST - Criar::POST 2xx",
                            "id": "23c56a15f3bb810e65f1446f7bbe780c",
                            "passes": 11303,
                            "fails": 0
                        }
                    },
                "name": "POST - Criar",
                "path": "::POST - Criar",
                "id": "b7339abd7b80c3ed1328194f78ad747b"
            }
        },
        "checks": {}
    },
    "metrics": {
        "http_req_sending": {
            "avg": 0.0004929917989136222,
            "min": 0,
            "med": 0,
            "max": 6.0006,
            "p(90)": 0,
            "p(95)": 0
        },
        "http_req_failed": {
            "passes": 0,
            "fails": 28167,
            "value": 0
        },
        "vus_max": {
            "value": 25,
            "min": 25,
            "max": 25
        },
        "data_received": {
            "count": 13678092,
            "rate": 20723.539126862524
        },
        "data_sent": {
            "count": 6739510,
            "rate": 10210.963574516187
        },
        "http_req_receiving": {
            "p(95)": 0.5209699999999997,
            "avg": 0.0505294777576597,
            "min": 0,
            "med": 0,
            "max": 1.2692,
            "p(90)": 0
        },
        "http_req_duration": {
            "avg": 280.9820227500259,
            "min": 34.3806,
            "med": 251.5063,
            "max": 1302.5163,
            "p(90)": 496.05938,
            "p(95)": 551.7182599999996
        },
        "iterations": {
            "count": 28167,
            "rate": 42.675537391204614
        },
        "checks": {
            "fails": 0,
            "passes": 28167,
            "value": 1
        },
        "http_req_connecting": {
            "med": 0,
            "max": 1.001,
            "p(90)": 0,
            "p(95)": 0,
            "avg": 0.00016711399865090355,
            "min": 0
        },
        "http_req_waiting": {
            "max": 1302.5163,
            "p(90)": 495.98302,
            "p(95)": 551.6465199999999,
            "avg": 280.93100028046933,
            "min": 34.3806,
            "med": 251.4937
        },
        "http_reqs": {
            "count": 28167,
            "rate": 42.675537391204614
        },
        "http_req_duration{expected_response:true}": {
            "avg": 280.9820227500259,
            "min": 34.3806,
            "med": 251.5063,
            "max": 1302.5163,
            "p(90)": 496.05938,
            "p(95)": 551.7182599999996
        },
        "group_duration": {
            "max": 1502.8319,
            "p(90)": 696.6562600000001,
            "p(95)": 752.30472,
            "avg": 481.5638729293159,
            "min": 234.5065,
            "med": 452.1748
        },
        "iteration_duration": {
            "max": 1502.8319,
            "p(90)": 696.6562600000001,
            "p(95)": 752.30472,
            "avg": 481.56515654489476,
            "min": 234.5065,
            "med": 452.1748
        },
        "http_req_blocked": {
            "max": 6.2684,
            "p(90)": 0,
            "p(95)": 0,
            "avg": 0.0007259239535626797,
            "min": 0,
            "med": 0
        },
        "http_req_tls_handshaking": {
            "avg": 0,
            "min": 0,
            "med": 0,
            "max": 0,
            "p(90)": 0,
            "p(95)": 0
        },
        "vus": {
            "max": 25,
            "value": 1,
            "min": 1
        }
    }
}