{
    "root_group": {
        "groups": {
            "GET - Leitura": {
                "id": "a8dc8671aa8f678183c9fe9505f023c6",
                "groups": {},
                "checks": {
                        "GET status 200": {
                            "id": "3c396777697fa4e979948e22ed5ffc49",
                            "passes": 26822,
                            "fails": 0,
                            "name": "GET status 200",
                            "path": "::GET - Leitura::GET status 200"
                        }
                    },
                "name": "GET - Leitura",
                "path": "::GET - Leitura"
            },
            "POST - Criar": {
                "groups": {},
                "checks": {
                        "POST 2xx": {
                            "passes": 17720,
                            "fails": 0,
                            "name": "POST 2xx",
                            "path": "::POST - Criar::POST 2xx",
                            "id": "23c56a15f3bb810e65f1446f7bbe780c"
                        }
                    },
                "name": "POST - Criar",
                "path": "::POST - Criar",
                "id": "b7339abd7b80c3ed1328194f78ad747b"
            }
        },
        "checks": {},
        "name": "",
        "path": "",
        "id": "d41d8cd98f00b204e9800998ecf8427e"
    },
    "metrics": {
        "http_req_duration": {
            "p(95)": 321.57607999999993,
            "avg": 155.0861430874232,
            "min": 33.5383,
            "med": 135.0875,
            "max": 696.6799,
            "p(90)": 270.27427
        },
        "checks": {
            "passes": 44542,
            "fails": 0,
            "value": 1
        },
        "http_req_blocked": {
            "p(90)": 0,
            "p(95)": 0,
            "avg": 0.00090336760810022,
            "min": 0,
            "med": 0,
            "max": 10.2153
        },
        "data_sent": {
            "count": 10640986,
            "rate": 8866.747459688115
        },
        "http_req_tls_handshaking": {
            "avg": 0,
            "min": 0,
            "med": 0,
            "max": 0,
            "p(90)": 0,
            "p(95)": 0
        },
        "http_req_duration{expected_response:true}": {
            "p(90)": 270.27427,
            "p(95)": 321.57607999999993,
            "avg": 155.0861430874232,
            "min": 33.5383,
            "med": 135.0875,
            "max": 696.6799
        },
        "group_duration": {
            "med": 335.68655,
            "max": 897.6977,
            "p(90)": 470.87714,
            "p(95)": 522.1218549999995,
            "avg": 355.6733360872875,
            "min": 234.1177
        },
        "http_reqs": {
            "count": 44542,
            "rate": 37.11523211753384
        },
        "http_req_sending": {
            "avg": 0.0004544250370436891,
            "min": 0,
            "med": 0,
            "max": 1.9984,
            "p(90)": 0,
            "p(95)": 0
        },
        "http_req_waiting": {
            "avg": 155.0339862399534,
            "min": 33.5383,
            "med": 135.00655,
            "max": 696.6799,
            "p(90)": 270.27124000000003,
            "p(95)": 321.48586
        },
        "iterations": {
            "count": 44542,
            "rate": 37.11523211753384
        },
        "http_req_receiving": {
            "avg": 0.05170242243276012,
            "min": 0,
            "med": 0,
            "max": 23.6256,
            "p(90)": 0,
            "p(95)": 0.5217
        },
        "vus_max": {
            "value": 15,
            "min": 15,
            "max": 15
        },
        "http_req_connecting": {
            "avg": 0.00013086300570248303,
            "min": 0,
            "med": 0,
            "max": 0.5615,
            "p(90)": 0,
            "p(95)": 0
        },
        "http_req_failed": {
            "passes": 0,
            "fails": 44542,
            "value": 0
        },
        "data_received": {
            "count": 21661956,
            "rate": 18050.121796502288
        },
        "iteration_duration": {
            "p(95)": 522.1251349999998,
            "avg": 355.6748762314207,
            "min": 234.1177,
            "med": 335.68655,
            "max": 897.6977,
            "p(90)": 470.87714
        },
        "vus": {
            "min": 1,
            "max": 15,
            "value": 1
        }
    }
}