{
    "root_group": {
        "id": "d41d8cd98f00b204e9800998ecf8427e",
        "groups": {
            "GET - Leitura": {
                "name": "GET - Leitura",
                "path": "::GET - Leitura",
                "id": "a8dc8671aa8f678183c9fe9505f023c6",
                "groups": {},
                "checks": {
                        "GET status 200": {
                            "name": "GET status 200",
                            "path": "::GET - Leitura::GET status 200",
                            "id": "3c396777697fa4e979948e22ed5ffc49",
                            "passes": 48930,
                            "fails": 0
                        }
                    }
            }
        },
        "checks": {},
        "name": "",
        "path": ""
    },
    "metrics": {
        "http_req_tls_handshaking": {
            "max": 0,
            "p(90)": 0,
            "p(95)": 0,
            "avg": 0,
            "min": 0,
            "med": 0
        },
        "http_req_failed": {
            "passes": 0,
            "fails": 48930,
            "value": 0
        },
        "data_received": {
            "count": 27815226,
            "rate": 23177.352231473556
        },
        "vus_max": {
            "value": 15,
            "min": 15,
            "max": 15
        },
        "http_req_blocked": {
            "p(95)": 0,
            "avg": 0.0008033864704680157,
            "min": 0,
            "med": 0,
            "max": 8.0076,
            "p(90)": 0
        },
        "data_sent": {
            "count": 9584870,
            "rate": 7986.701531128452
        },
        "http_req_duration": {
            "avg": 123.19386811567544,
            "min": 48.0783,
            "med": 107.96520000000001,
            "max": 647.9924,
            "p(90)": 201.35013,
            "p(95)": 237.17361
        },
        "http_req_sending": {
            "p(90)": 0,
            "p(95)": 0,
            "avg": 0.00030459023094216235,
            "min": 0,
            "med": 0,
            "max": 2.9961
        },
        "http_req_waiting": {
            "avg": 123.14437405272807,
            "min": 47.6326,
            "med": 107.9154,
            "max": 647.9924,
            "p(90)": 201.33635,
            "p(95)": 237.0323299999999
        },
        "vus": {
            "value": 1,
            "min": 1,
            "max": 15
        },
        "http_req_receiving": {
            "max": 1.999,
            "p(90)": 0,
            "p(95)": 0.5204,
            "avg": 0.049189472716125025,
            "min": 0,
            "med": 0
        },
        "iteration_duration": {
            "avg": 323.7706620927866,
            "min": 248.3461,
            "med": 308.54205,
            "max": 848.3406,
            "p(90)": 401.96484,
            "p(95)": 437.77753999999993
        },
        "http_req_duration{expected_response:true}": {
            "avg": 123.19386811567544,
            "min": 48.0783,
            "med": 107.96520000000001,
            "max": 647.9924,
            "p(90)": 201.35013,
            "p(95)": 237.17361
        },
        "group_duration": {
            "min": 248.3461,
            "med": 308.53684999999996,
            "max": 848.3406,
            "p(90)": 401.96484,
            "p(95)": 437.77753999999993,
            "avg": 323.7692365215628
        },
        "http_reqs": {
            "rate": 40.771476912896595,
            "count": 48930
        },
        "iterations": {
            "rate": 40.771476912896595,
            "count": 48930
        },
        "checks": {
            "passes": 48930,
            "fails": 0,
            "value": 1
        },
        "http_req_connecting": {
            "min": 0,
            "med": 0,
            "max": 1.0092,
            "p(90)": 0,
            "p(95)": 0,
            "avg": 0.00015664009809932556
        }
    }
}