{
    "root_group": {
        "name": "",
        "path": "",
        "id": "d41d8cd98f00b204e9800998ecf8427e",
        "groups": {
            "GET - Leitura": {
                "id": "a8dc8671aa8f678183c9fe9505f023c6",
                "groups": {},
                "checks": {
                        "GET status 200": {
                            "name": "GET status 200",
                            "path": "::GET - Leitura::GET status 200",
                            "id": "3c396777697fa4e979948e22ed5ffc49",
                            "passes": 13798,
                            "fails": 0
                        }
                    },
                "name": "GET - Leitura",
                "path": "::GET - Leitura"
            }
        },
        "checks": {}
    },
    "metrics": {
        "http_reqs": {
            "count": 13798,
            "rate": 45.9564336413014
        },
        "http_req_sending": {
            "p(90)": 0,
            "p(95)": 0,
            "avg": 0.0005307145963183071,
            "min": 0,
            "med": 0,
            "max": 1.0068
        },
        "data_sent": {
            "count": 2702892,
            "rate": 9002.411714567648
        },
        "iteration_duration": {
            "avg": 1191.2120790549347,
            "min": 245.8882,
            "med": 1048.7278,
            "max": 7912.5276,
            "p(90)": 2400.6911400000004,
            "p(95)": 2922.673285
        },
        "data_received": {
            "count": 7843850,
            "rate": 26125.19002879562
        },
        "http_req_tls_handshaking": {
            "avg": 0,
            "min": 0,
            "med": 0,
            "max": 0,
            "p(90)": 0,
            "p(95)": 0
        },
        "http_req_duration{expected_response:true}": {
            "p(95)": 2722.1768799999995,
            "avg": 990.6170786780738,
            "min": 45.3067,
            "med": 848.0751,
            "max": 7711.7728,
            "p(90)": 2199.641730000001
        },
        "http_req_waiting": {
            "min": 45.3067,
            "med": 847.93225,
            "max": 7711.7728,
            "p(90)": 2199.562490000001,
            "p(95)": 2722.1768799999995,
            "avg": 990.568127663434
        },
        "http_req_duration": {
            "p(90)": 2199.641730000001,
            "p(95)": 2722.1768799999995,
            "avg": 990.6170786780738,
            "min": 45.3067,
            "med": 848.0751,
            "max": 7711.7728
        },
        "group_duration": {
            "max": 7912.5276,
            "p(90)": 2400.6911400000004,
            "p(95)": 2922.673285,
            "avg": 1191.2106360921869,
            "min": 245.8882,
            "med": 1048.7278
        },
        "vus_max": {
            "value": 100,
            "min": 100,
            "max": 100
        },
        "http_req_connecting": {
            "avg": 0.0009818596898101175,
            "min": 0,
            "med": 0,
            "max": 1.0021,
            "p(90)": 0,
            "p(95)": 0
        },
        "http_req_receiving": {
            "avg": 0.048420300043484556,
            "min": 0,
            "med": 0,
            "max": 3.0008,
            "p(90)": 0,
            "p(95)": 0.520215
        },
        "http_req_failed": {
            "passes": 0,
            "fails": 13798,
            "value": 0
        },
        "iterations": {
            "count": 13798,
            "rate": 45.9564336413014
        },
        "vus": {
            "value": 1,
            "min": 1,
            "max": 100
        },
        "checks": {
            "passes": 13798,
            "fails": 0,
            "value": 1
        },
        "http_req_blocked": {
            "avg": 0.0011251993042469923,
            "min": 0,
            "med": 0,
            "max": 1.0188,
            "p(90)": 0,
            "p(95)": 0
        }
    }
}