{
    "root_group": {
        "path": "",
        "id": "d41d8cd98f00b204e9800998ecf8427e",
        "groups": {
            "GET - Leitura": {
                "name": "GET - Leitura",
                "path": "::GET - Leitura",
                "id": "a8dc8671aa8f678183c9fe9505f023c6",
                "groups": {},
                "checks": {
                        "GET status 200": {
                            "fails": 0,
                            "name": "GET status 200",
                            "path": "::GET - Leitura::GET status 200",
                            "id": "3c396777697fa4e979948e22ed5ffc49",
                            "passes": 40040
                        }
                    }
            }
        },
        "checks": {},
        "name": ""
    },
    "metrics": {
        "http_req_blocked": {
            "avg": 0.000628404095904096,
            "min": 0,
            "med": 0,
            "max": 8.5046,
            "p(90)": 0,
            "p(95)": 0
        },
        "iteration_duration": {
            "avg": 338.744075654348,
            "min": 234.2825,
            "med": 334.21545000000003,
            "max": 895.6129,
            "p(90)": 426.60096,
            "p(95)": 457.50827999999984
        },
        "http_req_waiting": {
            "avg": 138.12234869130887,
            "min": 33.996,
            "med": 133.66545,
            "max": 679.3783,
            "p(90)": 225.93907,
            "p(95)": 256.7737999999997
        },
        "group_duration": {
            "avg": 338.7420907692331,
            "min": 234.2825,
            "med": 334.21545000000003,
            "max": 885.6087,
            "p(90)": 426.60096,
            "p(95)": 457.50827999999984
        },
        "http_req_tls_handshaking": {
            "max": 0,
            "p(90)": 0,
            "p(95)": 0,
            "avg": 0,
            "min": 0,
            "med": 0
        },
        "http_req_failed": {
            "passes": 0,
            "fails": 40040,
            "value": 0
        },
        "http_req_duration": {
            "min": 33.996,
            "med": 133.71405,
            "max": 679.3783,
            "p(90)": 226.01515999999998,
            "p(95)": 256.8464899999999,
            "avg": 138.17477088161831
        },
        "http_reqs": {
            "count": 40040,
            "rate": 60.662607602913695
        },
        "data_sent": {
            "count": 7843324,
            "rate": 11883.029123739147
        },
        "http_req_connecting": {
            "p(95)": 0,
            "avg": 0.00017857892107892107,
            "min": 0,
            "med": 0,
            "max": 0.682,
            "p(90)": 0
        },
        "vus": {
            "max": 25,
            "value": 1,
            "min": 1
        },
        "http_req_receiving": {
            "min": 0,
            "med": 0,
            "max": 1.4852,
            "p(90)": 0,
            "p(95)": 0.522,
            "avg": 0.05213833666333671
        },
        "data_received": {
            "count": 22761319,
            "rate": 34484.53953600759
        },
        "checks": {
            "passes": 40040,
            "fails": 0,
            "value": 1
        },
        "http_req_duration{expected_response:true}": {
            "p(90)": 226.01515999999998,
            "p(95)": 256.8464899999999,
            "avg": 138.17477088161831,
            "min": 33.996,
            "med": 133.71405,
            "max": 679.3783
        },
        "http_req_sending": {
            "p(95)": 0,
            "avg": 0.00028385364635364637,
            "min": 0,
            "med": 0,
            "max": 0.9997,
            "p(90)": 0
        },
        "iterations": {
            "count": 40040,
            "rate": 60.662607602913695
        },
        "vus_max": {
            "value": 25,
            "min": 25,
            "max": 25
        }
    }
}