{
    "metrics": {
        "data_sent": {
            "count": 10373949,
            "rate": 34570.57511133695
        },
        "http_reqs": {
            "count": 74031,
            "rate": 246.70395488423796
        },
        "group_duration": {
            "med": 219.3659,
            "max": 314.9421,
            "p(90)": 236.1776,
            "p(95)": 241.58724999999998,
            "avg": 221.40166201185994,
            "min": 201.0807
        },
        "http_req_waiting": {
            "avg": 20.801914564169376,
            "min": 0.9959,
            "med": 18.996,
            "max": 113.5748,
            "p(90)": 35.5283,
            "p(95)": 41.0008
        },
        "vus": {
            "value": 1,
            "min": 1,
            "max": 100
        },
        "vus_max": {
            "min": 100,
            "max": 100,
            "value": 100
        },
        "http_req_receiving": {
            "avg": 0.04211873134227549,
            "min": 0,
            "med": 0,
            "max": 6.5247,
            "p(90)": 0,
            "p(95)": 0.50965
        },
        "http_req_duration{expected_response:true}": {
            "p(95)": 41.00165,
            "avg": 20.844580004322765,
            "min": 0.996,
            "med": 18.9972,
            "max": 113.5748,
            "p(90)": 35.5901
        },
        "http_req_blocked": {
            "min": 0,
            "med": 0,
            "max": 2.1683,
            "p(90)": 0,
            "p(95)": 0,
            "avg": 0.00031365373964960616
        },
        "http_req_tls_handshaking": {
            "avg": 0,
            "min": 0,
            "med": 0,
            "max": 0,
            "p(90)": 0,
            "p(95)": 0
        },
        "iteration_duration": {
            "p(95)": 241.58724999999998,
            "avg": 221.40370041874348,
            "min": 201.0807,
            "med": 219.3667,
            "max": 314.9421,
            "p(90)": 236.1809
        },
        "data_received": {
            "count": 26654183,
            "rate": 88823.49772808989
        },
        "http_req_sending": {
            "min": 0,
            "med": 0,
            "max": 1.0941,
            "p(90)": 0,
            "p(95)": 0,
            "avg": 0.0005467088111736977
        },
        "http_req_failed": {
            "passes": 0,
            "fails": 74031,
            "value": 0
        },
        "checks": {
            "passes": 74031,
            "fails": 0,
            "value": 1
        },
        "http_req_duration": {
            "min": 0.996,
            "med": 18.9972,
            "max": 113.5748,
            "p(90)": 35.5901,
            "p(95)": 41.00165,
            "avg": 20.844580004322765
        },
        "http_req_connecting": {
            "p(90)": 0,
            "p(95)": 0,
            "avg": 0.00018614499331361188,
            "min": 0,
            "med": 0,
            "max": 1.0027
        },
        "iterations": {
            "count": 74031,
            "rate": 246.70395488423796
        }
    },
    "root_group": {
        "id": "d41d8cd98f00b204e9800998ecf8427e",
        "groups": {
            "POST - Criar": {
                "name": "POST - Criar",
                "path": "::POST - Criar",
                "id": "b7339abd7b80c3ed1328194f78ad747b",
                "groups": {},
                "checks": {
                        "POST 2xx": {
                            "id": "23c56a15f3bb810e65f1446f7bbe780c",
                            "passes": 29609,
                            "fails": 0,
                            "name": "POST 2xx",
                            "path": "::POST - Criar::POST 2xx"
                        }
                    }
            },
            "GET - Leitura": {
                "name": "GET - Leitura",
                "path": "::GET - Leitura",
                "id": "a8dc8671aa8f678183c9fe9505f023c6",
                "groups": {},
                "checks": {
                        "GET status 200": {
                            "name": "GET status 200",
                            "path": "::GET - Leitura::GET status 200",
                            "id": "3c396777697fa4e979948e22ed5ffc49",
                            "passes": 44422,
                            "fails": 0
                        }
                    }
            }
        },
        "checks": {},
        "name": "",
        "path": ""
    }
}