{
    "root_group": {
        "checks": {},
        "name": "",
        "path": "",
        "id": "d41d8cd98f00b204e9800998ecf8427e",
        "groups": {
                "POST - Criar": {
                    "id": "b7339abd7b80c3ed1328194f78ad747b",
                    "groups": {},
                    "checks": {
                            "POST 2xx": {
                                "id": "23c56a15f3bb810e65f1446f7bbe780c",
                                "passes": 25493,
                                "fails": 0,
                                "name": "POST 2xx",
                                "path": "::POST - Criar::POST 2xx"
                            }
                        },
                    "name": "POST - Criar",
                    "path": "::POST - Criar"
                },
                "GET - Leitura": {
                    "checks": {
                        "GET status 200": {
                            "passes": 38143,
                            "fails": 0,
                            "name": "GET status 200",
                            "path": "::GET - Leitura::GET status 200",
                            "id": "3c396777697fa4e979948e22ed5ffc49"
                        }
                    },
                    "name": "GET - Leitura",
                    "path": "::GET - Leitura",
                    "id": "a8dc8671aa8f678183c9fe9505f023c6",
                    "groups": {}
                }
            }
    },
    "metrics": {
        "http_req_blocked": {
            "p(95)": 0,
            "avg": 0.0002716151235149916,
            "min": 0,
            "med": 0,
            "max": 6.8249,
            "p(90)": 0
        },
        "iterations": {
            "rate": 96.4105347974995,
            "count": 63636
        },
        "http_req_connecting": {
            "med": 0,
            "max": 0.5317,
            "p(90)": 0,
            "p(95)": 0,
            "avg": 0.00003508391476522723,
            "min": 0
        },
        "http_req_waiting": {
            "min": 6.9983,
            "med": 11.4395,
            "max": 69.8958,
            "p(90)": 16.2423,
            "p(95)": 19.635625,
            "avg": 12.556347345841928
        },
        "http_req_receiving": {
            "avg": 0.0406625683575336,
            "min": 0,
            "med": 0,
            "max": 20.9973,
            "p(90)": 0,
            "p(95)": 0.5147
        },
        "http_req_sending": {
            "avg": 0.0006530564460368343,
            "min": 0,
            "med": 0,
            "max": 1.2282,
            "p(90)": 0,
            "p(95)": 0
        },
        "http_req_tls_handshaking": {
            "max": 0,
            "p(90)": 0,
            "p(95)": 0,
            "avg": 0,
            "min": 0,
            "med": 0
        },
        "http_req_duration": {
            "avg": 12.597662970645544,
            "min": 6.9983,
            "med": 11.4945,
            "max": 69.8958,
            "p(90)": 16.2934,
            "p(95)": 19.71625
        },
        "checks": {
            "fails": 0,
            "passes": 63636,
            "value": 1
        },
        "http_reqs": {
            "count": 63636,
            "rate": 96.4105347974995
        },
        "http_req_duration{expected_response:true}": {
            "avg": 12.597662970645544,
            "min": 6.9983,
            "med": 11.4945,
            "max": 69.8958,
            "p(90)": 16.2934,
            "p(95)": 19.71625
        },
        "group_duration": {
            "p(95)": 220.352525,
            "avg": 213.11971313564536,
            "min": 207.1287,
            "med": 212.00304999999997,
            "max": 270.68,
            "p(90)": 216.9203
        },
        "data_sent": {
            "count": 8920818,
            "rate": 13515.31891085486
        },
        "http_req_failed": {
            "passes": 0,
            "fails": 63636,
            "value": 0
        },
        "iteration_duration": {
            "avg": 213.12439678640868,
            "min": 207.1287,
            "med": 212.0066,
            "max": 270.68,
            "p(90)": 216.92335,
            "p(95)": 220.35840000000002
        },
        "vus_max": {
            "value": 25,
            "min": 25,
            "max": 25
        },
        "vus": {
            "max": 25,
            "value": 1,
            "min": 1
        },
        "data_received": {
            "count": 22909872,
            "rate": 34709.17423568828
        }
    }
}