{
  "ferramenta": "DreamFactory",
  "cenario": "80/20",
  "timestamp": "20251118-022340",
  "testes": {
    "load": {
      "avg_ms": 265.7657003540983,
      "p95_ms": 492.0940849999999,
      "throughput_rps": 44.05662881367759,
      "fail_rate": 0,
      "success_rate": 1,
      "peak_mem_gb": 1.279
    },
    "stress": {
      "avg_ms": 679.5524049356042,
      "p95_ms": 1405.8822499999999,
      "throughput_rps": 46.239195021849696,
      "fail_rate": 0,
      "success_rate": 1,
      "peak_mem_gb": 1.258
    },
    "spike": {
      "avg_ms": 1191.1297781276457,
      "p95_ms": 3630.8217050000007,
      "throughput_rps": 39.37558590494369,
      "fail_rate": 0,
      "success_rate": 1,
      "peak_mem_gb": 1.768
    },
    "soak": {
      "avg_ms": 154.4551560037648,
      "p95_ms": 296.21391,
      "throughput_rps": 37.182905750298005,
      "fail_rate": 0,
      "success_rate": 1,
      "peak_mem_gb": 1.215
    }
  }
}