{
    "root_group": {
        "name": "",
        "path": "",
        "id": "d41d8cd98f00b204e9800998ecf8427e",
        "groups": {
            "GET - Leitura": {
                "name": "GET - Leitura",
                "path": "::GET - Leitura",
                "id": "a8dc8671aa8f678183c9fe9505f023c6",
                "groups": {},
                "checks": {
                        "GET status 200": {
                            "passes": 32808,
                            "fails": 0,
                            "name": "GET status 200",
                            "path": "::GET - Leitura::GET status 200",
                            "id": "3c396777697fa4e979948e22ed5ffc49"
                        }
                    }
            }
        },
        "checks": {}
    },
    "metrics": {
        "http_req_waiting": {
            "p(90)": 517.91957,
            "p(95)": 536.54731,
            "avg": 299.34397772799275,
            "min": 6.7934,
            "med": 373.714,
            "max": 675.9479
        },
        "data_sent": {
            "count": 6492263,
            "rate": 21634.71893527073
        },
        "http_req_sending": {
            "min": 0,
            "med": 0,
            "max": 32.3571,
            "p(90)": 0,
            "p(95)": 0,
            "avg": 0.0022604120946110697
        },
        "iterations": {
            "count": 32808,
            "rate": 109.32888252191293
        },
        "http_reqs": {
            "rate": 109.32888252191293,
            "count": 32808
        },
        "data_received": {
            "rate": 63760.17907447135,
            "count": 19133498
        },
        "checks": {
            "passes": 32808,
            "fails": 0,
            "value": 1
        },
        "vus": {
            "value": 1,
            "min": 1,
            "max": 100
        },
        "http_req_failed": {
            "passes": 0,
            "fails": 32808,
            "value": 0
        },
        "http_req_duration": {
            "avg": 299.38685156668936,
            "min": 6.7934,
            "med": 373.74514999999997,
            "max": 675.9479,
            "p(90)": 518.0092199999999,
            "p(95)": 536.5821950000001
        },
        "iteration_duration": {
            "med": 574.2003,
            "max": 876.026,
            "p(90)": 718.4401899999999,
            "p(95)": 736.99527,
            "avg": 499.88953165386897,
            "min": 207.0446
        },
        "group_duration": {
            "avg": 499.8839730187786,
            "min": 207.0446,
            "med": 574.1967,
            "max": 876.026,
            "p(90)": 718.4401899999999,
            "p(95)": 736.99527
        },
        "http_req_duration{expected_response:true}": {
            "p(95)": 536.5821950000001,
            "avg": 299.38685156668936,
            "min": 6.7934,
            "med": 373.74514999999997,
            "max": 675.9479,
            "p(90)": 518.0092199999999
        },
        "http_req_tls_handshaking": {
            "med": 0,
            "max": 0,
            "p(90)": 0,
            "p(95)": 0,
            "avg": 0,
            "min": 0
        },
        "http_req_receiving": {
            "p(95)": 0.5144,
            "avg": 0.04061342660326752,
            "min": 0,
            "med": 0,
            "max": 21.5821,
            "p(90)": 0
        },
        "vus_max": {
            "min": 100,
            "max": 100,
            "value": 100
        },
        "http_req_blocked": {
            "avg": 0.0010391825164593996,
            "min": 0,
            "med": 0,
            "max": 2.2767,
            "p(90)": 0,
            "p(95)": 0
        },
        "http_req_connecting": {
            "p(90)": 0,
            "p(95)": 0,
            "avg": 0.0005475341380151182,
            "min": 0,
            "med": 0,
            "max": 2.2767
        }
    }
}