{
  "ferramenta": "PostgREST",
  "cenario": "60/40",
  "timestamp": "20251118-094738",
  "testes": {
    "soak": {
      "avg_ms": 2.6083595353488898,
      "p95_ms": 3.9119849999999903,
      "throughput_rps": 64.9842795921339,
      "fail_rate": 0,
      "success_rate": 1,
      "peak_mem_gb": 0.040039
    }
  }
}