{
  "ferramenta": "PostgREST",
  "cenario": "100% GET",
  "timestamp": "20251118-081853",
  "testes": {
    "load": {
      "avg_ms": 1.8103707599110324,
      "p95_ms": 2.8283,
      "throughput_rps": 101.536062354698,
      "fail_rate": 0,
      "success_rate": 1,
      "peak_mem_gb": 0.034834
    },
    "stress": {
      "avg_ms": 1.8217544154969811,
      "p95_ms": 2.9807300000000003,
      "throughput_rps": 201.04732278395653,
      "fail_rate": 0,
      "success_rate": 1,
      "peak_mem_gb": 0.038369
    },
    "spike": {
      "avg_ms": 1.8291914977956996,
      "p95_ms": 3.0023,
      "throughput_rps": 269.90565540956754,
      "fail_rate": 0,
      "success_rate": 1,
      "peak_mem_gb": 0.04377
    },
    "soak": {
      "avg_ms": 1.8703642357029566,
      "p95_ms": 2.9141,
      "throughput_rps": 65.22325835919786,
      "fail_rate": 0,
      "success_rate": 1,
      "peak_mem_gb": 0.043936
    }
  }
}